Technology,Country/area,Indicator,2000,2001,2002,2003,2004,2005,2006,2007,2008,2009,2010,2011,2012,2013,2014,2015,2016,2017,2018
Wind,World,Electricity capacity (MW),16925.6,23964.1,30728.1,38667.4,47682.3,58404.5,73158.2,91542.3,115555.6,150122.0,180852.1,219980.6,266866.2,299993.7,349202.5,416211.1,466956.9,514746.8,563659.3
Wind,World,Electricity generation (GWh),30924.8,37716.3,52418.9,63006.5,83567.8,102676.9,128905.7,168102.8,215764.0,270953.2,342091.9,432479.5,524489.1,635110.4,712027.4,828251.2,954657.8,1134451.1,
Wind,Africa,Electricity capacity (MW),133.4,133.4,139.7,150.2,232.8,236.8,324.6,466.8,552.0,738.9,861.3,991.5,1124.8,1739.0,2397.6,3318.5,3829.6,4576.5,5464.8
Wind,Africa,Electricity generation (GWh),172.6,412.8,451.7,465.9,636.6,799.5,804.9,987.2,1232.3,1493.8,2027.1,2421.2,2830.8,3522.3,5521.5,7695.9,10355.4,11722.1,
Wind,Algeria,Electricity capacity (MW),0.0,0.0,0.0,0.0,0.0,0.0,0.0,0.0,0.0,0.0,0.0,0.0,0.0,0.0,10.2,10.2,10.2,10.2,10.0
Wind,Algeria,Electricity generation (GWh),0.0,0.0,0.0,0.0,0.0,0.0,0.0,0.0,0.0,0.0,0.0,0.0,0.0,0.0,1.0,19.2,19.4,19.4,
Wind,Angola,Electricity capacity (MW),,,,,,,,,,,,,,,,,,,
Wind,Angola,Electricity generation (GWh),,,,,,,,,,,,,,,,,,,
Wind,Benin,Electricity capacity (MW),,,,,,,,,,,,,,,,,,,
Wind,Benin,Electricity generation (GWh),,,,,,,,,,,,,,,,,,,
Wind,Botswana,Electricity capacity (MW),,,,,,,,,,,,,,,,,,,
Wind,Botswana,Electricity generation (GWh),,,,,,,,,,,,,,,,,,,
Wind,Burkina Faso,Electricity capacity (MW),,,,,,,,,,,,,,,,,,,
Wind,Burkina Faso,Electricity generation (GWh),,,,,,,,,,,,,,,,,,,
Wind,Burundi,Electricity capacity (MW),,,,,,,,,,,,,,,,,,,
Wind,Burundi,Electricity generation (GWh),,,,,,,,,,,,,,,,,,,
Wind,Cabo Verde,Electricity capacity (MW),0.0,0.0,2.1,2.7,2.4,2.4,2.1,2.1,2.1,2.1,1.8,17.0,27.2,27.2,27.2,27.2,27.2,27.2,27.8
Wind,Cabo Verde,Electricity generation (GWh),4.5,3.7,5.7,5.4,6.4,6.5,7.4,6.9,5.5,4.7,2.0,15.6,63.0,76.0,82.6,78.8,76.9,76.3,
Wind,Cameroon,Electricity capacity (MW),,,,,,,,,,,,,,,,,,,
Wind,Cameroon,Electricity generation (GWh),,,,,,,,,,,,,,,,,,,
Wind,Cent Afr Rep,Electricity capacity (MW),,,,,,,,,,,,,,,,,,,
Wind,Cent Afr Rep,Electricity generation (GWh),,,,,,,,,,,,,,,,,,,
Wind,Chad,Electricity capacity (MW),0.0,0.0,0.0,0.0,0.0,0.0,0.0,0.0,0.0,0.0,0.0,0.0,0.0,0.0,0.0,0.0,1.1,1.1,1.1
Wind,Chad,Electricity generation (GWh),0.0,0.0,0.0,0.0,0.0,0.0,0.0,0.0,0.0,0.0,0.0,0.0,0.0,0.0,0.0,0.0,8.9,8.9,
Wind,Comoros,Electricity capacity (MW),,,,,,,,,,,,,,,,,,,
Wind,Comoros,Electricity generation (GWh),,,,,,,,,,,,,,,,,,,
Wind,Congo DR,Electricity capacity (MW),,,,,,,,,,,,,,,,,,,
Wind,Congo DR,Electricity generation (GWh),,,,,,,,,,,,,,,,,,,
Wind,Congo Rep,Electricity capacity (MW),,,,,,,,,,,,,,,,,,,
Wind,Congo Rep,Electricity generation (GWh),,,,,,,,,,,,,,,,,,,
Wind,Cote d Ivoire,Electricity capacity (MW),,,,,,,,,,,,,,,,,,,
Wind,Cote d Ivoire,Electricity generation (GWh),,,,,,,,,,,,,,,,,,,
Wind,Djibouti,Electricity capacity (MW),,,,,,,,,,,,,,,,,,,
Wind,Djibouti,Electricity generation (GWh),,,,,,,,,,,,,,,,,,,
Wind,Egypt,Electricity capacity (MW),69.0,69.0,69.0,69.0,145.0,145.0,230.0,310.0,390.0,435.0,550.0,550.0,550.0,550.0,550.0,750.0,750.0,750.0,1125.0
Wind,Egypt,Electricity generation (GWh),81.0,179.0,213.0,214.0,376.8,532.6,561.0,635.3,847.0,948.0,1159.0,1496.0,1563.5,1260.0,1332.0,1444.0,2058.0,2200.0,
Wind,Eq Guinea,Electricity capacity (MW),,,,,,,,,,,,,,,,,,,
Wind,Eq Guinea,Electricity generation (GWh),,,,,,,,,,,,,,,,,,,
Wind,Eritrea,Electricity capacity (MW),0.0,0.0,0.0,0.0,0.0,0.0,0.0,0.8,0.8,0.8,0.8,0.8,0.8,0.8,0.8,0.8,0.8,0.8,0.8
Wind,Eritrea,Electricity generation (GWh),0.0,0.0,0.0,0.0,0.0,0.0,0.0,0.2,2.0,2.0,2.0,2.0,2.0,2.0,2.0,2.0,2.0,2.0,
Wind,Eswatini,Electricity capacity (MW),,,,,,,,,,,,,,,,,,,
Wind,Eswatini,Electricity generation (GWh),,,,,,,,,,,,,,,,,,,
Wind,Ethiopia,Electricity capacity (MW),0.0,0.0,0.0,0.0,0.0,0.0,0.0,0.0,0.0,0.0,0.0,81.0,81.0,171.0,171.0,324.0,324.0,324.0,324.0
Wind,Ethiopia,Electricity generation (GWh),0.0,0.0,0.0,0.0,0.0,0.0,0.0,0.0,0.0,0.0,0.0,29.4,192.0,356.0,526.3,499.0,786.0,782.0,
Wind,Gabon,Electricity capacity (MW),,,,,,,,,,,,,,,,,,,
Wind,Gabon,Electricity generation (GWh),,,,,,,,,,,,,,,,,,,
Wind,Gambia,Electricity capacity (MW),0.0,0.0,0.0,0.0,0.0,0.0,0.0,0.0,0.0,0.2,0.2,0.2,1.1,1.1,1.2,1.2,1.2,1.2,1.2
Wind,Gambia,Electricity generation (GWh),0.0,0.0,0.0,0.0,0.0,0.0,0.0,0.0,0.0,0.1,0.3,0.6,0.1,0.1,0.1,0.1,0.1,0.1,
Wind,Ghana,Electricity capacity (MW),0.0,0.0,0.0,0.0,0.0,0.0,0.0,0.0,0.0,0.0,0.0,0.0,0.0,0.0,0.0,0.0,0.0,0.0,0.0
Wind,Ghana,Electricity generation (GWh),0.0,0.0,0.0,0.0,0.0,0.0,0.0,0.0,0.0,0.0,0.0,0.0,0.0,0.0,0.0,0.1,0.1,0.1,
Wind,Guinea,Electricity capacity (MW),,,,,,,,,,,,,,,,,,,
Wind,Guinea,Electricity generation (GWh),,,,,,,,,,,,,,,,,,,
Wind,Guinea Bissau,Electricity capacity (MW),,,,,,,,,,,,,,,,,,,
Wind,Guinea Bissau,Electricity generation (GWh),,,,,,,,,,,,,,,,,,,
Wind,Kenya,Electricity capacity (MW),0.4,0.4,0.4,0.4,0.4,0.4,0.4,0.4,0.4,0.4,5.7,5.7,5.7,5.7,5.9,26.1,26.1,26.2,336.1
Wind,Kenya,Electricity generation (GWh),0.1,0.1,0.2,0.4,0.4,0.4,0.3,0.2,0.3,8.3,17.0,16.5,15.0,16.3,27.6,47.2,60.5,56.0,
Wind,Lesotho,Electricity capacity (MW),,,,,,,,,,,,,,,,,,,
Wind,Lesotho,Electricity generation (GWh),,,,,,,,,,,,,,,,,,,
Wind,Liberia,Electricity capacity (MW),,,,,,,,,,,,,,,,,,,
Wind,Liberia,Electricity generation (GWh),,,,,,,,,,,,,,,,,,,
Wind,Libya,Electricity capacity (MW),,,,,,,,,,,,,,,,,,,
Wind,Libya,Electricity generation (GWh),,,,,,,,,,,,,,,,,,,
Wind,Madagascar,Electricity capacity (MW),0.0,0.0,0.0,0.0,0.0,0.0,0.0,0.0,0.0,0.1,0.2,0.2,0.2,0.2,0.2,0.2,0.2,0.2,0.2
Wind,Madagascar,Electricity generation (GWh),0.0,0.0,0.0,0.0,0.0,0.0,0.0,0.0,0.0,0.3,0.5,0.5,0.5,0.5,0.5,0.5,0.5,0.5,
Wind,Malawi,Electricity capacity (MW),,,,,,,,,,,,,,,,,,,
Wind,Malawi,Electricity generation (GWh),,,,,,,,,,,,,,,,,,,
Wind,Mali,Electricity capacity (MW),,,,,,,,,,,,,,,,,,,
Wind,Mali,Electricity generation (GWh),,,,,,,,,,,,,,,,,,,
Wind,Mauritania,Electricity capacity (MW),0.0,0.0,0.0,0.0,0.0,0.0,0.0,0.0,0.0,0.0,0.0,0.0,0.0,4.4,4.4,34.4,34.4,34.4,34.4
Wind,Mauritania,Electricity generation (GWh),0.0,0.0,0.0,0.0,0.0,0.0,0.0,0.0,0.0,0.0,0.0,0.0,0.0,13.3,13.3,104.3,104.3,104.3,
Wind,Mauritius,Electricity capacity (MW),0.0,0.0,0.0,0.0,0.2,0.2,0.2,0.2,0.2,0.7,1.3,1.3,1.3,1.3,1.3,1.3,10.7,10.6,10.6
Wind,Mauritius,Electricity generation (GWh),0.0,0.0,0.0,0.0,0.4,0.4,0.4,0.4,0.4,1.5,2.5,2.8,3.6,3.6,3.2,2.7,18.0,14.6,
Wind,Mayotte,Electricity capacity (MW),,,,,,,,,,,,,,,,,,,
Wind,Mayotte,Electricity generation (GWh),,,,,,,,,,,,,,,,,,,
Wind,Morocco,Electricity capacity (MW),54.0,54.0,54.0,54.0,54.0,54.0,54.0,114.0,114.0,221.0,221.0,255.0,255.0,495.0,797.0,797.0,897.0,1017.0,1220.0
Wind,Morocco,Electricity generation (GWh),64.0,206.0,193.9,202.8,198.9,206.3,183.2,278.9,298.2,391.4,658.8,707.3,743.2,1371.4,1938.9,2534.6,3015.2,3050.2,
Wind,Mozambique,Electricity capacity (MW),,,,,,,,,,,,,,,,,,,
Wind,Mozambique,Electricity generation (GWh),,,,,,,,,,,,,,,,,,,
Wind,Namibia,Electricity capacity (MW),0.0,0.0,0.0,0.0,0.0,0.2,0.2,0.2,0.2,0.2,0.2,0.2,0.2,0.2,0.2,0.2,0.2,5.2,5.2
Wind,Namibia,Electricity generation (GWh),0.0,0.0,0.0,0.0,0.0,0.6,0.6,0.6,0.6,0.6,0.6,0.6,0.6,0.6,0.6,0.6,0.6,5.0,
Wind,Niger,Electricity capacity (MW),,,,,,,,,,,,,,,,,,,
Wind,Niger,Electricity generation (GWh),,,,,,,,,,,,,,,,,,,
Wind,Nigeria,Electricity capacity (MW),0.0,0.0,1.0,2.0,2.0,2.0,2.0,2.0,2.0,2.2,2.2,2.2,2.2,2.2,3.2,3.2,3.2,3.2,3.2
Wind,Nigeria,Electricity generation (GWh),0.0,0.0,1.0,2.0,2.0,2.0,2.0,2.0,2.0,2.0,2.0,2.0,2.0,2.0,3.0,3.0,3.0,3.0,
Wind,Reunion,Electricity capacity (MW),0.0,0.0,0.0,0.0,6.6,10.5,13.5,14.8,14.8,14.8,14.8,14.8,14.8,14.8,14.8,14.8,16.5,16.5,16.5
Wind,Reunion,Electricity generation (GWh),0.0,0.0,0.0,0.0,0.1,0.3,4.3,11.8,15.0,15.5,16.9,11.7,18.2,15.1,15.7,16.0,18.5,14.0,
Wind,Rwanda,Electricity capacity (MW),,,,,,,,,,,,,,,,,,,
Wind,Rwanda,Electricity generation (GWh),,,,,,,,,,,,,,,,,,,
Wind,Saint Helena,Electricity capacity (MW),,,,,,,,,,,,,,,,,,,
Wind,Saint Helena,Electricity generation (GWh),,,,,,,,,,,,,,,,,,,
Wind,Sao Tome Prn,Electricity capacity (MW),,,,,,,,,,,,,,,,,,,
Wind,Sao Tome Prn,Electricity generation (GWh),,,,,,,,,,,,,,,,,,,
Wind,Senegal,Electricity capacity (MW),,,,,,,,,,,,,,,,,,,
Wind,Senegal,Electricity generation (GWh),,,,,,,,,,,,,,,,,,,
Wind,Seychelles,Electricity capacity (MW),0.0,0.0,0.0,0.0,0.0,0.0,0.0,0.0,0.0,0.0,0.0,0.0,0.0,6.0,6.0,6.0,6.0,6.0,6.0
Wind,Seychelles,Electricity generation (GWh),0.0,0.0,0.0,0.0,0.0,0.0,0.0,0.0,0.0,0.0,0.0,0.0,0.0,6.9,7.0,6.8,6.9,6.6,
Wind,Sierra Leone,Electricity capacity (MW),,,,,,,,,,,,,,,,,,,
Wind,Sierra Leone,Electricity generation (GWh),,,,,,,,,,,,,,,,,,,
Wind,Somalia,Electricity capacity (MW),0.0,0.0,0.0,0.0,0.0,0.0,0.0,0.0,0.0,0.0,0.0,0.0,2.2,2.2,2.2,2.8,2.8,3.6,3.6
Wind,Somalia,Electricity generation (GWh),0.0,0.0,0.0,0.0,0.0,0.0,0.0,0.0,0.0,0.0,0.0,0.0,3.9,3.9,3.9,4.9,4.9,6.2,
Wind,South Africa,Electricity capacity (MW),0.0,0.0,3.2,3.2,3.2,3.2,3.2,3.2,8.4,8.4,10.2,10.2,10.2,257.0,569.0,1079.0,1473.0,2094.0,2094.0
Wind,South Africa,Electricity generation (GWh),0.0,0.0,8.0,8.0,8.0,8.0,8.0,8.0,22.0,22.0,27.0,27.0,27.0,36.8,1056.9,2484.1,3697.7,4924.0,
Wind,South Sudan,Electricity capacity (MW),,,,,,,,,,,,,,,,,,,
Wind,South Sudan,Electricity generation (GWh),,,,,,,,,,,,,,,,,,,
Wind,Sudan,Electricity capacity (MW),,,,,,,,,,,,,,,,,,,
Wind,Sudan,Electricity generation (GWh),,,,,,,,,,,,,,,,,,,
Wind,Tanzania,Electricity capacity (MW),,,,,,,,,,,,,,,,,,,
Wind,Tanzania,Electricity generation (GWh),,,,,,,,,,,,,,,,,,,
Wind,Togo,Electricity capacity (MW),,,,,,,,,,,,,,,,,,,
Wind,Togo,Electricity generation (GWh),,,,,,,,,,,,,,,,,,,
Wind,Tunisia,Electricity capacity (MW),10.0,10.0,10.0,19.0,19.0,19.0,19.0,19.0,19.0,53.0,53.0,53.0,173.0,200.0,233.0,240.0,245.0,245.0,245.0
Wind,Tunisia,Electricity generation (GWh),23.0,24.0,30.0,33.4,43.6,42.4,37.7,42.9,39.4,97.5,138.6,109.2,196.3,357.8,507.0,448.0,474.0,449.0,
Wind,Uganda,Electricity capacity (MW),,,,,,,,,,,,,,,,,,,
Wind,Uganda,Electricity generation (GWh),,,,,,,,,,,,,,,,,,,
Wind,Westn Sahara,Electricity capacity (MW),,,,,,,,,,,,,,,,,,,
Wind,Westn Sahara,Electricity generation (GWh),,,,,,,,,,,,,,,,,,,
Wind,Zambia,Electricity capacity (MW),,,,,,,,,,,,,,,,,,,
Wind,Zambia,Electricity generation (GWh),,,,,,,,,,,,,,,,,,,
Wind,Zimbabwe,Electricity capacity (MW),,,,,,,,,,,,,,,,,,,
Wind,Zimbabwe,Electricity generation (GWh),,,,,,,,,,,,,,,,,,,
Wind,Asia,Electricity capacity (MW),1378.6,2140.0,2356.5,3546.5,5385.5,6879.8,10507.3,13991.9,20989.2,31307.9,46082.9,66019.2,82808.8,99542.5,124346.5,161798.6,184185.0,205029.0,229066.4
Wind,Asia,Electricity generation (GWh),2063.7,2565.5,3527.3,4467.8,6633.1,9154.1,12413.1,18579.1,27280.7,44678.5,71213.5,98458.8,133553.8,172097.0,196703.9,228801.2,291350.2,367743.9,
Wind,Afghanistan,Electricity capacity (MW),0.0,0.0,0.0,0.0,0.0,0.0,0.0,0.0,0.0,0.0,0.0,0.0,0.1,0.1,0.1,0.1,0.1,0.4,0.4
Wind,Afghanistan,Electricity generation (GWh),0.0,0.0,0.0,0.0,0.0,0.0,0.0,0.0,0.0,0.0,0.0,0.0,0.1,0.1,0.1,0.1,0.1,0.1,
Wind,Bangladesh,Electricity capacity (MW),0.0,0.0,0.0,0.0,0.0,0.0,0.9,0.9,1.9,1.9,1.9,1.9,1.9,1.9,1.9,2.9,2.9,2.9,2.9
Wind,Bangladesh,Electricity generation (GWh),0.0,0.0,0.0,0.0,0.0,0.0,1.6,1.6,2.9,5.1,5.1,5.1,5.1,5.1,5.1,5.1,5.1,5.1,
Wind,Bhutan,Electricity capacity (MW),0.0,0.0,0.0,0.0,0.0,0.0,0.0,0.0,0.0,0.0,0.0,0.0,0.0,0.0,0.0,0.6,0.6,0.6,0.6
Wind,Bhutan,Electricity generation (GWh),0.0,0.0,0.0,0.0,0.0,0.0,0.0,0.0,0.0,0.0,0.0,0.0,0.0,0.0,0.0,0.0,0.7,1.1,
Wind,Brunei Darsm,Electricity capacity (MW),,,,,,,,,,,,,,,,,,,
Wind,Brunei Darsm,Electricity generation (GWh),,,,,,,,,,,,,,,,,,,
Wind,Cambodia,Electricity capacity (MW),0.0,0.0,0.0,0.0,0.0,0.0,0.0,0.0,0.0,0.3,0.3,0.3,0.3,0.3,0.3,0.3,0.3,0.3,0.3
Wind,Cambodia,Electricity generation (GWh),0.0,0.0,0.0,0.0,0.0,0.0,0.0,0.0,0.0,0.3,0.3,0.3,0.3,0.3,0.3,0.3,0.3,0.3,
Wind,China,Electricity capacity (MW),341.0,383.0,449.0,547.0,763.0,1060.0,2070.0,4200.0,8387.7,17599.4,29633.5,46354.6,61596.9,76730.5,96819.1,131047.7,148516.9,164374.5,184664.9
Wind,China,Electricity generation (GWh),615.0,749.0,873.0,1039.0,1332.0,1600.0,2800.0,5700.0,11400.0,24900.0,49071.1,71652.8,103012.8,138558.2,160205.5,185965.1,242387.7,305015.5,
Wind,China HK SAR,Electricity capacity (MW),,,,,,,,,,,,,,,,,,,
Wind,China HK SAR,Electricity generation (GWh),,,,,,,,,,,,,,,,,,,
Wind,China Mac SAR,Electricity capacity (MW),,,,,,,,,,,,,,,,,,,
Wind,China Mac SAR,Electricity generation (GWh),,,,,,,,,,,,,,,,,,,
Wind,Chinese Taipei,Electricity capacity (MW),2.6,5.0,8.5,8.5,8.5,23.9,102.0,186.0,250.4,374.3,475.9,522.7,571.0,614.2,637.2,646.7,682.0,692.0,704.0
Wind,Chinese Taipei,Electricity generation (GWh),1.4,12.2,15.9,23.8,25.3,91.3,276.1,439.5,588.3,786.6,1026.3,1492.7,1413.5,1640.0,1500.5,1525.2,1457.1,1722.5,
Wind,India,Electricity capacity (MW),941.0,1563.0,1606.0,2461.0,3813.0,4433.9,6315.0,7844.5,10242.5,10925.0,13184.0,16179.0,17299.7,18420.4,22465.3,25088.2,28700.4,32848.5,35288.1
Wind,India,Electricity generation (GWh),1318.9,1536.9,2205.8,2550.6,3923.1,5561.9,6873.7,9387.0,11835.1,14595.0,16104.0,19528.1,23069.2,24640.0,27235.4,31872.9,36273.1,47669.8,
Wind,Indonesia,Electricity capacity (MW),0.0,0.0,0.0,0.0,0.0,0.0,0.0,0.1,0.3,1.1,0.3,0.9,0.9,0.6,1.1,1.1,1.1,1.1,76.1
Wind,Indonesia,Electricity generation (GWh),0.0,0.0,0.0,0.0,0.0,0.0,0.0,0.0,0.3,3.7,3.6,4.7,4.6,0.7,1.2,3.7,5.7,0.0,
Wind,Japan,Electricity capacity (MW),84.0,175.0,277.0,508.0,769.0,1227.0,1805.0,1527.0,1756.0,1997.0,2294.0,2419.0,2562.0,2646.0,2753.0,2808.0,3247.0,3483.0,3653.0
Wind,Japan,Electricity generation (GWh),108.0,251.0,414.0,826.0,1303.0,1751.0,2167.0,2614.0,2942.0,3613.0,4017.0,4677.0,4838.0,5187.0,5217.0,5580.0,6166.0,6490.0,
Wind,Kazakhstan,Electricity capacity (MW),0.0,0.0,0.0,0.0,0.0,0.0,0.0,0.0,0.0,0.0,0.0,0.0,1.5,4.0,52.8,71.8,98.2,112.4,121.5
Wind,Kazakhstan,Electricity generation (GWh),0.0,0.0,0.0,0.0,0.0,0.0,0.0,0.0,0.0,0.0,0.0,0.0,3.1,4.5,13.3,131.7,275.0,339.8,
Wind,Korea DPR,Electricity capacity (MW),0.0,0.0,0.0,0.0,0.0,0.0,0.0,0.0,0.2,0.2,0.2,0.2,0.2,0.2,0.2,0.2,0.2,0.6,0.6
Wind,Korea DPR,Electricity generation (GWh),0.0,0.0,0.0,0.0,0.0,0.0,0.0,0.0,0.4,0.4,0.4,0.4,0.4,0.4,0.4,0.4,0.4,1.1,
Wind,Korea Rep,Electricity capacity (MW),7.0,11.0,13.0,19.0,29.0,99.0,178.0,196.0,304.0,351.0,382.0,425.0,464.0,576.0,612.0,847.0,1067.0,1215.0,1382.6
Wind,Korea Rep,Electricity generation (GWh),17.0,13.0,15.0,25.0,47.0,130.0,239.0,376.0,436.0,685.0,817.0,863.0,917.0,1149.0,1146.0,1342.0,1683.0,2169.0,
Wind,Kyrgyzstan,Electricity capacity (MW),,,,,,,,,,,,,,,,,,,
Wind,Kyrgyzstan,Electricity generation (GWh),,,,,,,,,,,,,,,,,,,
Wind,Lao PDR,Electricity capacity (MW),,,,,,,,,,,,,,,,,,,
Wind,Lao PDR,Electricity generation (GWh),,,,,,,,,,,,,,,,,,,
Wind,Malaysia,Electricity capacity (MW),,,,,,,,,,,,,,,,,,,
Wind,Malaysia,Electricity generation (GWh),,,,,,,,,,,,,,,,,,,
Wind,Maldives,Electricity capacity (MW),0.0,0.0,0.0,0.0,0.0,0.0,0.0,0.0,1.4,1.4,1.4,1.4,1.4,1.4,1.4,1.4,1.4,1.4,1.4
Wind,Maldives,Electricity generation (GWh),0.0,0.0,0.0,0.0,0.0,0.0,0.0,0.0,2.5,2.5,2.5,2.5,2.5,2.5,2.5,2.5,2.5,2.5,
Wind,Mongolia,Electricity capacity (MW),0.0,0.0,0.0,0.0,0.0,0.0,0.0,0.5,0.5,0.5,0.7,0.7,1.0,50.6,50.6,50.6,50.6,101.0,156.0
Wind,Mongolia,Electricity generation (GWh),0.0,0.0,0.0,0.0,0.0,0.0,0.0,0.5,0.5,0.5,0.7,0.7,1.0,53.9,126.4,153.6,158.5,155.4,
Wind,Myanmar,Electricity capacity (MW),0.0,0.0,0.0,0.0,0.0,0.0,0.0,0.0,0.0,0.0,0.0,0.0,0.0,0.0,0.0,0.0,0.0,0.0,0.0
Wind,Myanmar,Electricity generation (GWh),0.0,0.0,0.0,0.0,0.0,0.0,0.0,0.0,0.0,0.0,0.0,0.0,0.0,0.0,0.0,0.0,0.0,0.0,
Wind,Nepal,Electricity capacity (MW),0.0,0.0,0.0,0.0,0.0,0.0,0.0,0.0,0.0,0.0,0.0,0.0,0.0,0.1,0.1,0.1,0.1,0.1,0.1
Wind,Nepal,Electricity generation (GWh),0.0,0.0,0.0,0.0,0.0,0.0,0.0,0.0,0.0,0.0,0.0,0.0,0.0,0.1,0.1,0.1,0.1,0.1,
Wind,Pakistan,Electricity capacity (MW),0.0,0.0,0.0,0.0,0.0,0.0,0.0,0.0,6.0,6.0,6.0,6.0,56.2,106.1,205.6,308.4,590.7,789.2,1185.9
Wind,Pakistan,Electricity generation (GWh),0.0,0.0,0.0,0.0,0.0,0.0,0.0,0.0,6.0,6.0,6.0,6.0,6.3,134.8,360.8,622.3,1059.8,1333.3,
Wind,Philippines,Electricity capacity (MW),0.0,0.0,0.0,0.0,0.0,33.0,33.0,33.0,33.0,33.0,33.0,33.0,33.0,33.0,336.9,426.9,426.9,426.9,426.9
Wind,Philippines,Electricity generation (GWh),0.0,0.0,0.0,0.0,0.0,17.5,53.2,57.8,61.4,64.4,61.7,88.2,75.3,65.7,152.1,748.4,975.2,1093.6,
Wind,Singapore,Electricity capacity (MW),0.0,0.0,0.0,0.0,0.0,0.0,0.0,0.0,0.0,0.0,0.0,0.0,0.0,0.0,0.0,0.0,0.0,0.1,0.1
Wind,Singapore,Electricity generation (GWh),0.0,0.0,0.0,0.0,0.0,0.0,0.0,0.0,0.0,0.0,0.0,0.0,0.0,0.0,0.0,0.0,0.0,0.4,
Wind,Sri Lanka,Electricity capacity (MW),3.0,3.0,3.0,3.0,3.0,3.0,3.0,3.0,3.0,3.0,33.2,36.2,76.0,81.5,131.5,126.9,131.5,145.9,145.9
Wind,Sri Lanka,Electricity generation (GWh),3.4,3.5,3.6,3.4,2.7,2.4,2.3,2.3,3.2,3.5,53.2,91.6,146.8,234.6,272.4,343.2,345.1,367.2,
Wind,Tajikistan,Electricity capacity (MW),,,,,,,,,,,,,,,,,,,
Wind,Tajikistan,Electricity generation (GWh),,,,,,,,,,,,,,,,,,,
Wind,Thailand,Electricity capacity (MW),0.0,0.0,0.0,0.0,0.0,0.0,0.3,0.9,1.1,5.1,5.6,7.3,111.7,222.7,224.5,233.9,507.0,627.8,1017.8
Wind,Thailand,Electricity generation (GWh),0.0,0.0,0.0,0.0,0.0,0.0,0.1,0.4,0.5,1.0,3.9,5.0,17.2,351.3,396.0,328.0,345.0,1109.0,
Wind,Timor Leste,Electricity capacity (MW),,,,,,,,,,,,,,,,,,,
Wind,Timor Leste,Electricity generation (GWh),,,,,,,,,,,,,,,,,,,
Wind,Turkmenistan,Electricity capacity (MW),,,,,,,,,,,,,,,,,,,
Wind,Turkmenistan,Electricity generation (GWh),,,,,,,,,,,,,,,,,,,
Wind,Uzbekistan,Electricity capacity (MW),0.0,0.0,0.0,0.0,0.0,0.0,0.0,0.0,0.0,0.0,0.0,0.0,0.0,0.0,0.0,0.0,0.0,0.8,0.8
Wind,Uzbekistan,Electricity generation (GWh),0.0,0.0,0.0,0.0,0.0,0.0,0.0,0.0,0.0,0.0,0.0,0.0,0.0,0.0,0.0,0.0,0.0,0.0,
Wind,Viet Nam,Electricity capacity (MW),0.0,0.0,0.0,0.0,0.0,0.0,0.0,0.0,1.3,8.8,31.0,31.0,31.0,53.0,53.0,136.0,160.2,204.7,236.7
Wind,Viet Nam,Electricity generation (GWh),0.0,0.0,0.0,0.0,0.0,0.0,0.0,0.0,1.7,11.6,40.7,40.7,40.7,69.0,69.0,176.7,209.8,268.3,
Wind,C America + Carib,Electricity capacity (MW),53.3,82.1,85.4,99.8,121.6,123.3,125.2,128.0,130.3,261.0,306.9,460.1,731.8,826.2,949.2,1307.8,1498.3,1600.2,1709.4
Wind,C America + Carib,Electricity generation (GWh),199.4,273.7,360.1,335.0,392.5,350.8,436.7,410.6,370.8,634.8,811.5,1121.5,1864.9,2365.1,3155.5,4281.3,4448.0,4529.2,
Wind,Anguilla,Electricity capacity (MW),,,,,,,,,,,,,,,,,,,
Wind,Anguilla,Electricity generation (GWh),,,,,,,,,,,,,,,,,,,
Wind,Antigua Barb,Electricity capacity (MW),,,,,,,,,,,,,,,,,,,
Wind,Antigua Barb,Electricity generation (GWh),,,,,,,,,,,,,,,,,,,
Wind,Aruba,Electricity capacity (MW),0.0,0.0,0.0,0.0,0.0,0.0,0.0,0.0,0.0,30.0,30.0,30.0,30.0,30.0,30.0,30.0,30.0,30.0,30.0
Wind,Aruba,Electricity generation (GWh),0.0,0.0,0.0,0.0,0.0,0.0,0.0,0.0,0.0,16.6,106.1,112.1,133.8,148.9,153.2,166.2,130.3,132.0,
Wind,Bahamas,Electricity capacity (MW),,,,,,,,,,,,,,,,,,,
Wind,Bahamas,Electricity generation (GWh),,,,,,,,,,,,,,,,,,,
Wind,Barbados,Electricity capacity (MW),0.0,0.0,0.0,0.0,0.0,0.0,0.0,0.0,0.0,0.0,0.0,0.0,0.0,0.0,0.0,0.0,0.0,0.0,0.0
Wind,Barbados,Electricity generation (GWh),0.0,0.0,0.0,0.0,0.0,0.0,0.0,0.0,0.0,0.0,0.0,0.0,0.0,0.0,0.0,0.0,0.1,0.1,
Wind,Belize,Electricity capacity (MW),,,,,,,,,,,,,,,,,,,
Wind,Belize,Electricity generation (GWh),,,,,,,,,,,,,,,,,,,
Wind,BES Islands,Electricity capacity (MW),0.0,0.0,0.0,0.0,0.0,0.0,0.0,0.0,0.0,11.1,11.1,11.1,11.1,11.1,11.1,11.1,11.1,11.1,11.1
Wind,BES Islands,Electricity generation (GWh),0.0,0.0,0.0,0.0,0.0,0.0,0.0,0.7,1.4,1.5,4.9,26.3,32.5,36.7,41.2,40.1,35.1,35.3,
Wind,Br Virgin Is,Electricity capacity (MW),0.0,0.0,0.0,0.0,0.0,0.0,0.0,0.0,0.0,0.0,0.5,0.5,0.5,0.5,0.5,0.5,0.5,0.5,0.5
Wind,Br Virgin Is,Electricity generation (GWh),0.0,0.0,0.0,0.0,0.0,0.0,0.0,0.0,0.0,0.0,1.3,1.3,1.3,1.3,1.3,1.3,1.3,1.3,
Wind,Cayman Is,Electricity capacity (MW),,,,,,,,,,,,,,,,,,,
Wind,Cayman Is,Electricity generation (GWh),,,,,,,,,,,,,,,,,,,
Wind,Costa Rica,Electricity capacity (MW),42.5,62.3,62.3,68.6,68.6,68.6,68.6,69.9,69.9,119.6,119.6,132.8,148.1,148.1,196.5,278.1,319.1,378.0,407.8
Wind,Costa Rica,Electricity generation (GWh),182.7,185.5,258.9,230.0,255.3,203.6,273.5,241.1,198.2,326.2,358.7,414.5,528.4,484.6,734.8,1079.5,1147.3,1287.7,
Wind,Cuba,Electricity capacity (MW),0.5,0.5,0.5,0.5,0.5,2.2,2.2,2.2,7.3,7.3,7.3,11.8,11.8,11.8,11.8,11.8,11.8,11.8,11.8
Wind,Cuba,Electricity generation (GWh),0.0,0.0,0.3,0.4,0.4,0.1,0.3,0.2,8.2,3.5,11.6,18.1,21.5,22.5,19.2,20.9,20.9,23.3,
Wind,Curacao,Electricity capacity (MW),3.0,12.0,12.0,12.0,12.0,12.0,12.0,12.0,9.0,9.0,9.0,9.0,30.0,30.0,30.0,30.0,30.0,47.0,47.0
Wind,Curacao,Electricity generation (GWh),8.0,71.1,71.1,71.1,71.1,71.1,71.1,71.1,63.1,63.1,63.1,63.1,200.0,200.0,200.0,200.0,200.0,238.0,
Wind,Dominica,Electricity capacity (MW),0.0,0.0,0.0,0.0,0.0,0.0,0.0,0.0,0.2,0.2,0.2,0.2,0.2,0.2,0.2,0.2,0.2,0.2,0.2
Wind,Dominica,Electricity generation (GWh),0.0,0.0,0.0,0.0,0.0,0.0,0.0,0.0,0.6,0.6,0.6,0.6,0.6,0.6,0.6,0.6,0.6,0.6,
Wind,Dominican Rep,Electricity capacity (MW),0.0,0.0,0.0,0.0,0.0,0.0,0.0,0.0,0.0,0.0,0.0,33.5,85.5,85.5,85.5,85.5,135.0,135.0,183.3
Wind,Dominican Rep,Electricity generation (GWh),0.0,0.0,0.0,0.0,0.0,0.0,0.0,0.0,0.0,0.0,0.0,14.0,95.8,243.0,243.2,290.0,322.8,390.4,
Wind,El Salvador,Electricity capacity (MW),,,,,,,,,,,,,,,,,,,
Wind,El Salvador,Electricity generation (GWh),,,,,,,,,,,,,,,,,,,
Wind,Grenada,Electricity capacity (MW),0.0,0.0,0.0,0.0,0.0,0.0,0.0,0.2,0.2,0.2,0.2,0.2,0.2,0.2,0.2,0.2,0.2,0.2,0.2
Wind,Grenada,Electricity generation (GWh),0.0,0.0,0.0,0.0,0.0,0.0,0.0,0.1,0.2,0.2,0.2,0.3,0.3,0.3,0.6,1.0,1.0,1.0,
Wind,Guadeloupe,Electricity capacity (MW),7.3,7.3,10.6,18.7,18.7,18.7,20.6,22.0,22.0,22.0,23.4,23.4,23.4,23.4,23.4,27.0,26.4,26.4,26.0
Wind,Guadeloupe,Electricity generation (GWh),8.7,17.1,29.8,33.6,31.9,24.6,34.9,44.0,48.7,51.1,41.0,45.1,51.0,56.8,54.5,51.9,53.3,51.0,
Wind,Guatemala,Electricity capacity (MW),0.0,0.0,0.0,0.0,0.0,0.0,0.0,0.0,0.0,0.0,0.0,0.0,0.0,0.0,0.0,75.9,75.9,75.9,107.4
Wind,Guatemala,Electricity generation (GWh),0.0,0.0,0.0,0.0,0.0,0.0,0.0,0.0,0.0,0.0,0.0,0.0,0.0,0.0,0.0,107.3,215.1,218.1,
Wind,Haiti,Electricity capacity (MW),0.0,0.0,0.0,0.0,0.0,0.0,0.0,0.0,0.0,0.0,0.0,0.0,0.0,0.0,0.0,0.0,0.0,0.0,0.0
Wind,Haiti,Electricity generation (GWh),0.0,0.0,0.0,0.0,0.0,0.0,0.0,0.0,0.0,0.0,0.0,0.0,0.0,0.0,0.0,0.0,0.0,0.0,
Wind,Honduras,Electricity capacity (MW),0.0,0.0,0.0,0.0,0.0,0.0,0.0,0.0,0.0,0.0,0.0,102.0,102.0,152.0,152.0,152.0,175.0,225.0,225.0
Wind,Honduras,Electricity generation (GWh),0.0,0.0,0.0,0.0,0.0,0.0,0.0,0.0,0.0,0.0,0.0,116.7,338.3,310.2,398.3,664.6,574.1,578.1,
Wind,Jamaica,Electricity capacity (MW),0.0,0.0,0.0,0.0,20.7,20.7,20.7,20.7,20.7,20.7,38.9,38.9,38.9,38.9,38.9,38.9,99.0,99.0,99.0
Wind,Jamaica,Electricity generation (GWh),0.0,0.0,0.0,0.0,32.3,49.9,55.4,51.9,49.2,58.6,53.2,91.2,107.5,115.4,119.0,125.0,190.0,289.0,
Wind,Martinique,Electricity capacity (MW),0.0,0.0,0.0,0.0,1.1,1.1,1.1,1.1,1.1,1.1,1.1,1.1,1.1,1.1,1.1,1.1,1.1,1.1,1.1
Wind,Martinique,Electricity generation (GWh),0.0,0.0,0.0,0.0,1.5,1.5,1.5,1.5,1.3,1.5,1.0,1.3,1.6,1.5,1.5,2.3,1.3,1.3,
Wind,Montserrat,Electricity capacity (MW),,,,,,,,,,,,,,,,,,,
Wind,Montserrat,Electricity generation (GWh),,,,,,,,,,,,,,,,,,,
Wind,Nicaragua,Electricity capacity (MW),0.0,0.0,0.0,0.0,0.0,0.0,0.0,0.0,0.0,39.9,63.0,63.0,145.7,146.6,186.2,186.2,186.2,186.2,186.2
Wind,Nicaragua,Electricity generation (GWh),0.0,0.0,0.0,0.0,0.0,0.0,0.0,0.0,0.0,112.0,163.4,210.7,329.6,561.6,846.0,865.4,729.0,634.6,
Wind,Panama,Electricity capacity (MW),0.0,0.0,0.0,0.0,0.0,0.0,0.0,0.0,0.0,0.0,0.0,0.0,0.0,20.0,55.0,252.5,270.0,270.0,270.0
Wind,Panama,Electricity generation (GWh),0.0,0.0,0.0,0.0,0.0,0.0,0.0,0.0,0.0,0.0,0.0,0.0,0.0,1.6,116.3,418.5,625.2,491.2,
Wind,Puerto Rico,Electricity capacity (MW),0.0,0.0,0.0,0.0,0.0,0.0,0.0,0.0,0.0,0.0,0.5,0.5,101.2,124.6,124.6,124.6,124.6,100.6,100.6
Wind,Puerto Rico,Electricity generation (GWh),0.0,0.0,0.0,0.0,0.0,0.0,0.0,0.0,0.0,0.0,0.9,0.9,15.2,172.5,218.3,239.1,193.0,148.9,
Wind,St Barth,Electricity capacity (MW),,,,,,,,,,,,,,,,,,,
Wind,St Barth,Electricity generation (GWh),,,,,,,,,,,,,,,,,,,
Wind,St Kitts Nevis,Electricity capacity (MW),0.0,0.0,0.0,0.0,0.0,0.0,0.0,0.0,0.0,0.0,2.2,2.2,2.2,2.2,2.2,2.2,2.2,2.2,2.2
Wind,St Kitts Nevis,Electricity generation (GWh),0.0,0.0,0.0,0.0,0.0,0.0,0.0,0.0,0.0,0.0,5.6,5.4,7.7,7.6,7.6,7.6,7.6,7.6,
Wind,St Lucia,Electricity capacity (MW),,,,,,,,,,,,,,,,,,,
Wind,St Lucia,Electricity generation (GWh),,,,,,,,,,,,,,,,,,,
Wind,St Maarten,Electricity capacity (MW),,,,,,,,,,,,,,,,,,,
Wind,St Maarten,Electricity generation (GWh),,,,,,,,,,,,,,,,,,,
Wind,St Martin,Electricity capacity (MW),,,,,,,,,,,,,,,,,,,
Wind,St Martin,Electricity generation (GWh),,,,,,,,,,,,,,,,,,,
Wind,St Vincent Gren,Electricity capacity (MW),,,,,,,,,,,,,,,,,,,
Wind,St Vincent Gren,Electricity generation (GWh),,,,,,,,,,,,,,,,,,,
Wind,Trinidad Tobago,Electricity capacity (MW),0.0,0.0,0.0,0.0,0.0,0.0,0.0,0.0,0.0,0.0,0.0,0.0,0.0,0.0,0.0,0.0,0.0,0.0,0.0
Wind,Trinidad Tobago,Electricity generation (GWh),0.0,0.0,0.0,0.0,0.0,0.0,0.0,0.0,0.0,0.0,0.0,0.0,0.0,0.0,0.0,0.0,0.0,0.0,
Wind,Turks Caicos,Electricity capacity (MW),,,,,,,,,,,,,,,,,,,
Wind,Turks Caicos,Electricity generation (GWh),,,,,,,,,,,,,,,,,,,
Wind,US Virgin Is,Electricity capacity (MW),0.0,0.0,0.0,0.0,0.0,0.0,0.0,0.0,0.0,0.0,0.0,0.0,0.0,0.1,0.1,0.1,0.1,0.1,0.1
Wind,US Virgin Is,Electricity generation (GWh),0.0,0.0,0.0,0.0,0.0,0.0,0.0,0.0,0.0,0.0,0.0,0.0,0.0,0.0,0.0,0.0,0.0,0.0,
Wind,Eurasia,Electricity capacity (MW),22.0,22.0,26.0,28.0,28.0,33.6,71.6,158.6,376.6,806.6,1334.6,1741.6,2273.6,2775.3,3645.3,4524.5,5801.2,6566.4,7196.9
Wind,Eurasia,Electricity generation (GWh),35.0,65.0,54.0,70.0,65.0,66.0,134.1,365.0,853.9,1505.8,2927.9,4734.5,5869.9,7567.1,8531.5,11666.8,15556.7,18021.8,
Wind,Armenia,Electricity capacity (MW),0.0,0.0,0.0,0.0,0.0,2.6,2.6,2.6,2.6,2.6,2.6,2.6,2.6,2.6,2.6,2.6,2.9,2.9,2.9
Wind,Armenia,Electricity generation (GWh),0.0,0.0,0.0,0.0,0.0,0.0,2.6,2.9,1.9,4.3,7.0,5.6,4.1,3.8,4.0,3.7,1.8,2.1,
Wind,Azerbaijan,Electricity capacity (MW),0.0,0.0,0.0,0.0,0.0,0.0,0.0,0.0,0.0,2.0,2.0,0.0,0.0,2.7,2.7,8.0,15.7,15.7,66.0
Wind,Azerbaijan,Electricity generation (GWh),0.0,0.0,0.0,0.0,0.0,0.0,0.0,0.0,0.0,2.1,0.5,0.0,0.0,0.8,2.3,4.6,22.8,22.1,
Wind,Georgia,Electricity capacity (MW),0.0,0.0,0.0,0.0,0.0,0.0,0.0,0.0,0.0,0.0,0.0,0.0,0.0,0.0,0.0,0.0,20.7,20.7,20.7
Wind,Georgia,Electricity generation (GWh),0.0,0.0,0.0,0.0,0.0,0.0,0.0,0.0,0.0,0.0,0.0,0.0,0.0,0.0,0.0,0.0,9.0,87.8,
Wind,Russian Fed,Electricity capacity (MW),3.0,3.0,7.0,9.0,9.0,10.0,10.0,10.0,10.0,10.0,10.0,10.0,10.0,10.0,10.0,10.9,10.9,10.9,101.9
Wind,Russian Fed,Electricity generation (GWh),2.0,3.0,6.0,9.0,7.0,7.0,5.0,7.0,5.0,4.0,4.0,5.0,5.0,5.0,5.0,6.0,6.0,6.0,
Wind,Turkey,Electricity capacity (MW),19.0,19.0,19.0,19.0,19.0,21.0,59.0,146.0,364.0,792.0,1320.0,1729.0,2261.0,2760.0,3630.0,4503.0,5751.0,6516.2,7005.4
Wind,Turkey,Electricity generation (GWh),33.0,62.0,48.0,61.0,58.0,59.0,126.5,355.1,847.0,1495.4,2916.4,4723.9,5860.8,7557.5,8520.1,11652.5,15517.1,17903.8,
Wind,Europe,Electricity capacity (MW),12729.9,17393.9,23287.7,28153.3,34320.9,40684.3,47919.4,56341.0,64055.3,75807.5,84920.3,94679.5,107145.7,118357.0,130117.3,142993.7,155906.1,171051.6,182440.1
Wind,Europe,Electricity generation (GWh),22264.3,26751.9,36422.4,44477.0,59241.8,71009.3,83027.1,105362.0,120535.5,134117.1,150370.8,181498.0,208045.8,239466.3,256986.8,306053.6,306528.4,367645.6,
Wind,Albania,Electricity capacity (MW),,,,,,,,,,,,,,,,,,,
Wind,Albania,Electricity generation (GWh),,,,,,,,,,,,,,,,,,,
Wind,Andorra,Electricity capacity (MW),,,,,,,,,,,,,,,,,,,
Wind,Andorra,Electricity generation (GWh),,,,,,,,,,,,,,,,,,,
Wind,Austria,Electricity capacity (MW),50.0,67.0,109.0,322.0,581.0,825.2,968.3,991.2,992.0,1001.0,1015.8,1106.0,1337.2,1674.5,2110.3,2488.7,2730.0,2886.7,3077.7
Wind,Austria,Electricity generation (GWh),66.8,104.6,139.8,372.3,933.6,1331.3,1752.8,2037.2,2011.3,1954.0,2063.9,1936.2,2462.0,3153.3,3845.8,4837.5,5232.3,6574.5,
Wind,Belarus,Electricity capacity (MW),0.3,0.6,1.1,1.1,1.1,1.1,1.1,1.9,1.9,1.9,1.9,2.0,2.0,2.0,3.0,43.2,68.4,82.8,101.1
Wind,Belarus,Electricity generation (GWh),1.0,1.0,1.3,1.4,1.3,1.2,1.2,1.3,1.3,1.0,1.1,1.3,6.2,7.9,11.1,26.4,74.8,97.0,
Wind,Belgium,Electricity capacity (MW),14.0,26.0,31.0,67.0,96.0,167.0,212.0,276.0,324.0,608.0,912.0,1069.0,1370.0,1780.0,1944.0,2176.0,2370.0,2805.6,3157.0
Wind,Belgium,Electricity generation (GWh),16.0,37.0,57.0,88.0,142.0,227.0,366.0,491.0,637.0,996.0,1292.0,2312.0,2751.0,3665.0,4615.0,5574.0,5437.0,6510.6,
Wind,Bosnia Herzg,Electricity capacity (MW),0.0,0.0,0.0,0.0,0.0,0.0,0.0,0.0,0.0,0.0,0.0,0.3,0.3,0.3,0.3,0.3,0.3,0.3,50.9
Wind,Bosnia Herzg,Electricity generation (GWh),0.0,0.0,0.0,0.0,0.0,0.0,0.0,0.0,0.0,0.0,0.0,0.8,0.8,0.8,0.8,0.8,0.8,0.8,
Wind,Bulgaria,Electricity capacity (MW),0.0,0.0,0.0,0.0,1.0,8.0,27.0,30.0,114.0,333.0,488.0,541.0,677.0,683.0,699.0,699.0,699.0,698.4,698.4
Wind,Bulgaria,Electricity generation (GWh),0.0,0.0,0.0,0.0,1.0,4.6,20.0,46.8,121.8,237.0,681.4,861.1,1220.9,1373.5,1330.6,1451.5,1425.0,1504.1,
Wind,Croatia,Electricity capacity (MW),0.0,0.0,0.0,0.0,6.0,6.0,17.0,17.0,17.0,70.0,79.0,130.0,180.0,254.0,339.0,418.0,483.0,576.1,582.0
Wind,Croatia,Electricity generation (GWh),0.0,0.0,0.0,0.0,2.0,10.0,19.0,34.9,39.9,54.2,139.1,201.0,328.7,517.3,730.0,796.3,1014.2,1204.0,
Wind,Cyprus,Electricity capacity (MW),0.0,0.0,0.0,0.0,0.2,0.2,0.2,0.2,0.2,0.2,82.2,134.2,147.2,147.2,147.2,158.2,158.2,157.7,157.7
Wind,Cyprus,Electricity generation (GWh),0.0,0.0,0.0,0.0,0.4,0.4,0.4,0.4,0.4,0.4,31.7,114.7,185.5,231.0,182.9,221.9,226.7,211.4,
Wind,Czechia,Electricity capacity (MW),1.0,1.0,6.0,11.0,17.0,22.0,44.0,114.0,150.0,193.0,213.0,213.0,258.0,262.0,278.0,281.0,282.0,308.2,316.0
Wind,Czechia,Electricity generation (GWh),0.9,0.0,2.0,4.9,9.9,21.3,49.4,125.1,244.7,288.1,335.5,397.0,415.8,480.5,476.5,572.6,497.0,591.0,
Wind,Denmark,Electricity capacity (MW),2390.0,2497.2,2894.5,3119.9,3123.7,3127.8,3135.7,3124.2,3162.9,3482.1,3801.8,3952.0,4161.9,4819.1,4886.6,5077.2,5245.6,5522.3,6121.0
Wind,Denmark,Electricity generation (GWh),4241.0,4306.0,4877.0,5561.0,6583.0,6614.0,6108.0,7171.0,6928.0,6721.0,7809.0,9774.0,10270.0,11123.0,13079.0,14133.1,12781.7,14780.0,
Wind,Estonia,Electricity capacity (MW),0.0,0.0,1.0,3.0,7.0,31.0,31.0,50.0,77.0,104.0,108.0,180.0,266.0,248.0,275.0,300.0,310.0,311.8,311.8
Wind,Estonia,Electricity generation (GWh),0.0,0.0,1.0,6.0,8.0,54.0,76.3,90.8,133.5,195.6,277.0,368.7,433.5,529.0,603.7,715.0,594.0,723.0,
Wind,Faroe Islands,Electricity capacity (MW),0.2,0.2,0.2,2.1,2.1,4.1,4.1,4.1,4.1,4.1,4.1,4.1,8.6,8.6,20.3,20.3,20.3,20.3,20.3
Wind,Faroe Islands,Electricity generation (GWh),0.3,0.3,0.6,3.0,8.0,10.0,15.0,15.8,13.0,15.0,13.6,14.5,10.8,21.8,34.5,55.8,52.1,59.7,
Wind,Finland,Electricity capacity (MW),38.0,39.0,43.0,52.0,82.0,82.0,86.0,110.0,143.0,147.0,197.0,199.0,257.0,447.0,627.0,1005.0,1565.0,2044.0,2041.0
Wind,Finland,Electricity generation (GWh),78.0,70.0,64.0,93.0,120.3,169.9,155.6,188.4,260.5,276.6,294.3,481.4,494.3,773.7,1107.2,2327.4,3068.0,4795.2,
Wind,France,Electricity capacity (MW),38.0,66.0,138.0,218.0,358.0,690.0,1412.0,2223.0,3403.0,4582.0,5912.0,6723.3,7562.2,8250.0,9110.1,10258.2,11510.9,13512.3,15108.0
Wind,France,Electricity generation (GWh),48.2,131.2,265.6,387.8,594.9,962.6,2182.6,4070.1,5694.2,7911.6,9945.0,12104.3,14983.7,16105.9,17318.5,21319.3,21472.9,24710.7,
Wind,Germany,Electricity capacity (MW),6095.0,8754.0,12001.0,14381.0,16419.0,18248.0,20474.0,22116.0,22794.0,25732.0,26903.0,28712.0,30979.0,33477.0,38614.0,44580.0,49592.0,55718.0,58982.0
Wind,Germany,Electricity generation (GWh),9352.0,10456.0,15856.0,18713.0,25509.0,27229.0,30710.0,39713.0,40574.0,38647.4,37792.7,48882.8,50670.1,51707.5,57357.1,79206.5,78597.7,105693.0,
Wind,Gibraltar,Electricity capacity (MW),,,,,,,,,,,,,,,,,,,
Wind,Gibraltar,Electricity generation (GWh),,,,,,,,,,,,,,,,,,,
Wind,Greece,Electricity capacity (MW),226.0,270.0,287.0,371.0,470.0,491.0,749.0,846.0,1022.0,1171.0,1298.0,1640.0,1753.0,1809.0,1978.0,2091.0,2370.0,2624.0,2877.0
Wind,Greece,Electricity generation (GWh),451.0,756.0,651.0,1021.0,1120.8,1266.5,1699.4,1818.0,2242.0,2543.0,2713.9,3315.2,3850.2,4139.1,3688.6,4621.0,5145.9,5537.0,
Wind,Holy See,Electricity capacity (MW),,,,,,,,,,,,,,,,,,,
Wind,Holy See,Electricity generation (GWh),,,,,,,,,,,,,,,,,,,
Wind,Hungary,Electricity capacity (MW),0.0,1.0,1.0,3.0,3.0,17.0,33.0,61.0,134.0,203.0,293.0,331.0,325.0,329.0,329.0,329.0,329.0,329.0,329.0
Wind,Hungary,Electricity generation (GWh),0.0,1.0,1.0,4.0,5.6,10.1,43.4,110.0,204.8,330.9,533.8,625.7,770.0,717.5,656.5,693.3,683.7,758.0,
Wind,Iceland,Electricity capacity (MW),0.0,0.0,0.0,0.0,0.0,0.0,0.0,0.0,0.0,0.0,0.0,0.0,0.0,2.0,3.0,3.0,3.0,2.4,2.4
Wind,Iceland,Electricity generation (GWh),0.0,0.0,0.0,0.0,0.0,0.0,0.0,0.0,0.0,0.0,0.0,0.0,0.0,2.8,8.4,10.9,9.2,9.6,
Wind,Ireland,Electricity capacity (MW),116.5,122.9,134.8,210.3,336.4,493.3,676.5,740.5,942.3,1251.3,1390.4,1584.6,1704.4,2008.2,2283.3,2451.2,2786.0,3318.0,3518.0
Wind,Ireland,Electricity generation (GWh),244.0,334.0,388.0,454.0,655.0,1111.9,1622.0,1958.4,2410.0,2955.2,2814.7,4380.3,4010.5,4541.5,5140.1,6573.0,6148.5,7444.7,
Wind,Italy,Electricity capacity (MW),363.0,664.0,780.0,874.0,1127.0,1635.0,1902.0,2702.0,3525.0,4879.0,5794.0,6918.0,8102.0,8542.0,8683.0,9137.0,9384.0,9736.6,10310.0
Wind,Italy,Electricity generation (GWh),563.0,1179.0,1404.0,1458.0,1846.5,2343.4,2970.7,4034.4,4861.3,6542.9,9125.9,9856.4,13407.1,14897.0,15178.3,14843.9,17688.7,17741.9,
Wind,Kosovo*,Electricity capacity (MW),0.0,0.0,0.0,0.0,0.0,0.0,0.0,0.0,0.0,0.0,1.0,1.0,1.0,1.0,1.0,1.0,1.0,33.8,37.4
Wind,Kosovo*,Electricity generation (GWh),0.0,0.0,0.0,0.0,0.0,0.0,0.0,0.0,0.0,0.0,1.0,0.3,0.0,0.0,0.4,0.4,0.1,0.3,
Wind,Latvia,Electricity capacity (MW),2.0,2.0,22.0,26.0,26.0,26.0,26.0,26.0,28.0,29.0,30.0,36.0,59.0,65.9,68.9,68.2,69.9,77.1,77.1
Wind,Latvia,Electricity generation (GWh),4.4,3.4,11.2,48.4,49.1,46.9,46.2,52.9,59.1,50.1,49.1,70.9,114.3,120.1,139.7,147.1,127.9,150.0,
Wind,Liechtenstein,Electricity capacity (MW),,,,,,,,,,,,,,,,,,,
Wind,Liechtenstein,Electricity generation (GWh),,,,,,,,,,,,,,,,,,,
Wind,Lithuania,Electricity capacity (MW),0.0,0.0,0.0,0.0,1.0,1.0,31.0,47.0,54.0,98.0,133.0,202.0,275.0,279.0,288.0,436.0,509.0,518.0,521.0
Wind,Lithuania,Electricity generation (GWh),0.0,0.0,0.0,0.0,1.2,1.8,13.7,106.1,131.1,157.7,224.0,475.0,540.1,602.7,639.1,810.3,1135.9,1363.8,
Wind,Luxembourg,Electricity capacity (MW),14.0,13.9,13.9,20.5,34.9,34.9,34.9,34.9,42.9,42.9,43.7,44.5,58.3,58.3,58.3,63.8,119.7,119.7,149.7
Wind,Luxembourg,Electricity generation (GWh),24.7,23.7,24.5,26.2,39.4,52.3,58.0,64.3,60.6,63.5,55.1,64.1,77.5,83.0,79.9,101.8,101.5,234.8,
Wind,Malta,Electricity capacity (MW),0.0,0.0,0.0,0.0,0.0,0.0,0.0,0.0,0.0,0.0,0.0,0.0,0.1,0.1,0.1,0.1,0.1,0.1,0.1
Wind,Malta,Electricity generation (GWh),0.0,0.0,0.0,0.0,0.0,0.0,0.0,0.0,0.0,0.0,0.0,0.0,0.1,0.1,0.1,0.1,0.1,0.1,
Wind,Moldova Rep,Electricity capacity (MW),0.0,0.0,0.0,0.0,0.0,0.0,0.0,0.0,0.0,0.0,0.0,0.0,0.0,1.0,1.0,1.0,2.0,9.0,27.0
Wind,Moldova Rep,Electricity generation (GWh),0.0,0.0,0.0,0.0,0.0,0.0,0.0,0.0,0.0,0.0,0.0,0.0,0.0,1.0,1.5,1.5,2.5,7.0,
Wind,Monaco,Electricity capacity (MW),,,,,,,,,,,,,,,,,,,
Wind,Monaco,Electricity generation (GWh),,,,,,,,,,,,,,,,,,,
Wind,Montenegro,Electricity capacity (MW),0.0,0.0,0.0,0.0,0.0,0.0,0.0,0.0,0.0,0.0,0.0,0.0,0.0,0.0,0.0,0.0,0.0,72.0,118.0
Wind,Montenegro,Electricity generation (GWh),0.0,0.0,0.0,0.0,0.0,0.0,0.0,0.0,0.0,0.0,0.0,0.0,0.0,0.0,0.0,0.0,0.0,97.0,
Wind,Netherlands,Electricity capacity (MW),447.0,486.0,672.0,905.0,1075.0,1224.0,1561.0,1749.0,2149.0,2222.0,2237.0,2316.0,2433.0,2713.0,2865.0,3391.0,4257.0,4202.0,4471.0
Wind,Netherlands,Electricity generation (GWh),829.0,825.4,947.4,1319.8,1870.6,2066.7,2734.3,3438.0,4259.7,4580.6,3993.1,5100.2,4981.8,5627.1,5797.3,7549.9,8170.5,10568.8,
Wind,North Macedonia,Electricity capacity (MW),0.0,0.0,0.0,0.0,0.0,0.0,0.0,0.0,0.0,0.0,0.0,0.0,0.0,0.0,37.0,37.0,37.0,37.0,37.0
Wind,North Macedonia,Electricity generation (GWh),0.0,0.0,0.0,0.0,0.0,0.0,0.0,0.0,0.0,0.0,0.0,0.0,0.0,0.0,70.6,120.8,109.5,110.5,
Wind,Norway,Electricity capacity (MW),13.0,13.0,97.0,97.0,152.0,265.0,284.0,348.0,395.0,423.0,425.0,512.0,705.0,818.0,863.0,867.0,883.0,1207.0,1675.3
Wind,Norway,Electricity generation (GWh),31.0,27.0,75.0,218.0,252.0,499.0,636.0,892.0,913.0,977.0,879.0,1283.0,1548.0,1881.0,2217.0,2515.0,2116.0,2852.0,
Wind,Poland,Electricity capacity (MW),4.0,19.0,32.0,35.0,40.0,121.0,172.0,306.0,526.0,709.0,1108.0,1800.0,2564.0,3429.0,3836.0,4886.0,5747.0,5759.4,5775.4
Wind,Poland,Electricity generation (GWh),5.0,14.0,61.0,124.0,142.3,135.5,256.1,521.6,836.8,1077.3,1664.3,3204.5,4746.6,6003.8,7675.6,10858.4,12587.6,14909.0,
Wind,Portugal,Electricity capacity (MW),83.0,125.0,190.0,268.0,553.0,1064.0,1681.0,2201.0,2857.0,3326.0,3796.0,4256.2,4411.6,4609.9,4856.6,4936.8,5124.1,5124.1,5191.1
Wind,Portugal,Electricity generation (GWh),168.0,256.0,362.0,496.0,816.3,1773.3,2925.5,4036.7,5757.4,7577.0,9181.6,9161.6,10259.8,12014.6,12111.4,11607.6,12474.1,12247.9,
Wind,Romania,Electricity capacity (MW),0.0,0.0,0.0,0.0,0.0,1.0,1.0,3.0,5.0,15.0,389.0,988.0,1822.0,2773.0,3244.0,3130.0,3025.0,3029.8,3029.8
Wind,Romania,Electricity generation (GWh),0.0,0.0,0.0,0.0,0.0,0.2,0.6,2.5,5.0,9.1,306.3,1387.2,2639.9,4520.2,6200.9,7062.9,6590.0,7406.7,
Wind,San Marino,Electricity capacity (MW),,,,,,,,,,,,,,,,,,,
Wind,San Marino,Electricity generation (GWh),,,,,,,,,,,,,,,,,,,
Wind,Serbia,Electricity capacity (MW),0.0,0.0,0.0,0.0,0.0,0.0,0.0,0.0,0.0,0.0,0.0,0.0,0.5,0.5,0.5,10.0,17.0,25.0,374.0
Wind,Serbia,Electricity generation (GWh),0.0,0.0,0.0,0.0,0.0,0.0,0.0,0.0,0.0,0.0,0.0,0.0,0.2,0.5,0.4,1.2,26.0,48.5,
Wind,Slovakia,Electricity capacity (MW),0.0,0.0,0.0,3.0,3.0,5.0,5.0,5.0,5.0,3.0,3.0,3.0,3.0,5.0,3.0,3.0,3.0,4.0,4.0
Wind,Slovakia,Electricity generation (GWh),0.0,0.0,0.0,2.0,6.0,6.0,6.0,8.0,7.0,6.0,6.0,5.0,6.0,6.0,6.0,6.0,6.0,6.0,
Wind,Slovenia,Electricity capacity (MW),0.0,0.0,0.0,0.0,0.0,0.0,0.0,0.0,0.0,0.0,0.0,0.0,0.0,4.0,4.0,5.0,5.0,5.0,5.0
Wind,Slovenia,Electricity generation (GWh),0.0,0.0,0.0,0.0,0.0,0.0,0.0,0.0,0.0,0.0,0.0,0.0,0.0,4.2,4.2,6.0,5.8,5.7,
Wind,Spain,Electricity capacity (MW),2206.0,3397.0,4891.0,5945.0,8317.0,9918.0,11722.0,14820.0,16555.0,19176.0,20693.0,21529.0,22789.0,22958.0,22925.0,22943.0,22990.0,23100.0,23436.0
Wind,Spain,Electricity generation (GWh),4727.0,6759.0,9342.0,12075.0,15699.5,21175.3,23297.3,27568.4,32946.4,38117.0,44271.2,42918.4,49472.0,55646.1,52012.7,49324.9,48905.0,49127.0,
Wind,Sweden,Electricity capacity (MW),209.0,295.0,357.0,417.0,475.0,522.0,585.0,823.0,1089.0,1475.0,2017.0,2764.0,3606.0,4194.0,5088.0,5819.0,6435.0,6611.0,7318.0
Wind,Sweden,Electricity generation (GWh),457.0,482.0,608.0,679.0,850.0,936.0,987.0,1430.0,1996.0,2485.0,3502.0,6078.0,7165.0,9842.0,11234.0,16268.0,15479.0,17609.0,
Wind,Switzerland,Electricity capacity (MW),3.0,5.0,5.0,5.0,9.0,12.0,12.0,12.0,14.0,18.0,42.0,46.0,49.0,60.0,60.0,60.0,75.0,75.0,75.0
Wind,Switzerland,Electricity generation (GWh),3.0,4.0,5.0,5.0,6.0,8.0,15.0,16.0,19.0,23.0,37.0,70.0,88.0,90.0,101.0,110.0,109.0,133.0,
Wind,UK,Electricity capacity (MW),412.0,493.0,534.0,742.0,933.0,1565.0,1955.0,2477.0,3446.0,4422.0,5421.2,6596.3,9030.4,11282.3,13074.0,14305.6,16173.6,19835.2,21736.2
Wind,UK,Electricity generation (GWh),947.0,965.1,1256.0,1285.4,1935.1,2903.9,4225.1,5273.8,7121.5,9281.0,10285.6,15963.0,19847.1,28397.0,31959.3,40274.7,37262.7,50003.7,
Wind,Ukraine,Electricity capacity (MW),5.0,36.2,46.2,54.4,71.4,76.6,76.6,82.0,83.0,86.0,88.0,146.0,248.0,362.0,513.9,513.9,526.0,553.0,620.8
Wind,Ukraine,Electricity generation (GWh),6.0,16.0,22.0,31.0,33.0,37.6,34.6,45.1,45.3,43.0,50.9,89.5,288.2,638.6,1371.3,1306.8,1169.0,1818.6,
Wind,European Union,Electricity capacity (MW),12715.8,17346.3,23148.8,28012.4,34111.6,40355.7,47576.8,55930.9,63595.2,75312.5,84397.6,94007.4,106170.6,117140.9,128653.6,141479.9,154317.0,168978.0,179344.5
Wind,European Union,Electricity generation (GWh),22231.6,26720.7,36348.4,44252.2,58974.9,70480.0,82366.0,104449.1,119608.8,133126.1,149447.2,180096.7,206174.3,236895.3,253241.5,301974.2,302932.5,362478.0,
Wind,Middle East,Electricity capacity (MW),12.4,12.4,19.4,23.4,32.9,45.0,55.0,71.0,71.7,100.7,103.7,106.9,115.3,119.2,162.2,283.8,408.6,435.3,612.5
Wind,Middle East,Electricity generation (GWh),39.5,36.7,44.3,42.6,61.4,86.0,139.4,154.9,210.0,240.4,222.1,225.8,224.7,235.8,225.5,390.7,729.2,810.3,
Wind,Bahrain,Electricity capacity (MW),0.0,0.0,0.0,0.0,0.0,0.0,0.0,0.0,0.7,0.7,0.7,0.7,0.7,0.7,0.7,0.7,0.7,0.7,0.7
Wind,Bahrain,Electricity generation (GWh),0.0,0.0,0.0,0.0,0.0,0.0,0.0,0.0,1.2,1.2,1.2,1.2,1.2,1.2,1.2,1.2,1.2,1.2,
Wind,Iran IR,Electricity capacity (MW),11.0,11.0,12.0,16.0,24.9,37.0,47.0,63.0,63.0,92.0,95.0,98.2,106.1,107.6,148.8,153.4,190.9,190.9,282.0
Wind,Iran IR,Electricity generation (GWh),36.5,33.7,30.3,27.6,46.3,70.9,125.3,140.9,195.8,226.2,208.9,213.5,204.3,211.3,197.7,242.2,264.3,264.3,
Wind,Iraq,Electricity capacity (MW),,,,,,,,,,,,,,,,,,,
Wind,Iraq,Electricity generation (GWh),,,,,,,,,,,,,,,,,,,
Wind,Israel,Electricity capacity (MW),0.0,0.0,6.0,6.0,6.0,6.0,6.0,6.0,6.0,6.0,6.0,6.0,6.0,6.0,6.0,6.0,27.3,27.3,27.3
Wind,Israel,Electricity generation (GWh),0.0,0.0,11.0,12.0,11.0,11.0,10.0,10.0,9.0,9.0,8.0,7.0,14.2,14.2,14.2,14.2,64.4,64.4,
Wind,Jordan,Electricity capacity (MW),1.4,1.4,1.4,1.4,1.4,1.4,1.4,1.4,1.4,1.4,1.4,1.4,1.4,1.4,1.4,118.4,184.4,198.4,284.5
Wind,Jordan,Electricity generation (GWh),3.0,3.0,3.0,3.0,3.0,3.0,3.0,3.0,3.0,3.0,3.0,3.0,3.0,2.6,2.4,123.1,390.7,449.0,
Wind,Kuwait,Electricity capacity (MW),0.0,0.0,0.0,0.0,0.0,0.0,0.0,0.0,0.0,0.0,0.0,0.0,0.0,0.0,0.0,0.0,0.0,10.0,10.0
Wind,Kuwait,Electricity generation (GWh),0.0,0.0,0.0,0.0,0.0,0.0,0.0,0.0,0.0,0.0,0.0,0.0,0.0,0.0,0.0,0.0,0.0,17.5,
Wind,Lebanon,Electricity capacity (MW),0.0,0.0,0.0,0.0,0.0,0.0,0.0,0.0,0.0,0.0,0.0,0.0,0.5,2.0,3.0,3.0,3.0,3.0,3.0
Wind,Lebanon,Electricity generation (GWh),0.0,0.0,0.0,0.0,0.0,0.0,0.0,0.0,0.0,0.0,0.0,0.0,1.0,4.0,6.0,6.0,6.0,6.0,
Wind,Oman,Electricity capacity (MW),,,,,,,,,,,,,,,,,,,
Wind,Oman,Electricity generation (GWh),,,,,,,,,,,,,,,,,,,
Wind,Palestine,Electricity capacity (MW),,,,,,,,,,,,,,,,,,,
Wind,Palestine,Electricity generation (GWh),,,,,,,,,,,,,,,,,,,
Wind,Qatar,Electricity capacity (MW),,,,,,,,,,,,,,,,,,,
Wind,Qatar,Electricity generation (GWh),,,,,,,,,,,,,,,,,,,
Wind,Saudi Arabia,Electricity capacity (MW),0.0,0.0,0.0,0.0,0.0,0.0,0.0,0.0,0.0,0.0,0.0,0.0,0.0,0.0,0.0,0.0,0.0,2.8,2.8
Wind,Saudi Arabia,Electricity generation (GWh),0.0,0.0,0.0,0.0,0.0,0.0,0.0,0.0,0.0,0.0,0.0,0.0,0.0,0.0,0.0,0.0,0.0,5.3,
Wind,Syrian AR,Electricity capacity (MW),0.0,0.0,0.0,0.0,0.6,0.6,0.6,0.6,0.6,0.6,0.6,0.6,0.6,0.6,0.6,0.6,0.6,0.6,0.6
Wind,Syrian AR,Electricity generation (GWh),0.0,0.0,0.0,0.0,1.1,1.1,1.1,1.1,1.1,1.1,1.1,1.1,1.1,1.1,1.1,1.1,1.1,1.1,
Wind,United Arab Em,Electricity capacity (MW),0.0,0.0,0.0,0.0,0.0,0.0,0.0,0.0,0.0,0.0,0.0,0.0,0.0,0.9,1.7,1.7,1.7,1.7,1.7
Wind,United Arab Em,Electricity generation (GWh),0.0,0.0,0.0,0.0,0.0,0.0,0.0,0.0,0.0,0.0,0.0,0.0,0.0,1.5,3.0,3.0,1.5,1.5,
Wind,Yemen,Electricity capacity (MW),,,,,,,,,,,,,,,,,,,
Wind,Yemen,Electricity generation (GWh),,,,,,,,,,,,,,,,,,,
Wind,N America,Electricity capacity (MW),2486.0,4012.0,4596.0,6340.0,6918.0,9401.0,12853.0,18456.0,27088.6,38003.6,43621.6,51542.6,67091.6,69896.6,76495.0,87058.0,97310.0,104199.0,111986.4
Wind,N America,Electricity generation (GWh),5933.0,7161.0,10888.0,12145.0,15265.0,19467.0,29208.0,37872.0,59754.8,81464.8,105112.8,132690.8,156921.8,191862.8,212856.0,228183.0,270312.0,296466.0,
Wind,Bermuda,Electricity capacity (MW),,,,,,,,,,,,,,,,,,,
Wind,Bermuda,Electricity generation (GWh),,,,,,,,,,,,,,,,,,,
Wind,Canada,Electricity capacity (MW),92.0,131.0,161.0,327.0,444.0,677.0,1423.0,1840.0,2336.0,3282.0,3967.0,5265.0,6201.0,7801.0,9694.0,11214.0,11973.0,12403.0,12816.0
Wind,Canada,Electricity generation (GWh),264.0,337.0,408.0,826.0,954.0,1567.0,2473.0,3007.0,3788.0,6641.0,8724.0,10187.0,11310.0,17963.0,22538.0,26446.0,30463.0,28775.0,
Wind,Greenland,Electricity capacity (MW),,,,,,,,,,,,,,,,,,,
Wind,Greenland,Electricity generation (GWh),,,,,,,,,,,,,,,,,,,
Wind,Mexico,Electricity capacity (MW),17.0,17.0,18.0,18.0,18.0,18.0,101.0,101.0,101.0,425.0,519.0,601.0,1815.0,2122.0,2569.0,3271.0,4051.0,4199.0,4875.4
Wind,Mexico,Electricity generation (GWh),19.0,18.0,21.0,19.0,20.0,19.0,59.0,262.0,269.0,596.0,1239.0,1648.0,3688.0,4185.0,6426.0,8745.0,10378.0,10442.0,
Wind,St Pierre Mq,Electricity capacity (MW),0.0,0.0,0.0,0.0,0.0,0.0,0.0,0.0,0.6,0.6,0.6,0.6,0.6,0.6,0.0,0.0,0.0,0.0,0.0
Wind,St Pierre Mq,Electricity generation (GWh),0.0,0.0,0.0,0.0,0.0,0.0,0.0,0.0,1.8,1.8,1.8,1.8,1.8,1.8,0.0,0.0,0.0,0.0,
Wind,USA,Electricity capacity (MW),2377.0,3864.0,4417.0,5995.0,6456.0,8706.0,11329.0,16515.0,24651.0,34296.0,39135.0,45676.0,59075.0,59973.0,64232.0,72573.0,81286.0,87597.0,94295.0
Wind,USA,Electricity generation (GWh),5650.0,6806.0,10459.0,11300.0,14291.0,17881.0,26676.0,34603.0,55696.0,74226.0,95148.0,120854.0,141922.0,169713.0,183892.0,192992.0,229471.0,257249.0,
Wind,Oceania,Electricity capacity (MW),73.0,116.5,166.7,273.4,567.9,930.9,1016.4,1611.7,1809.0,2249.9,2438.8,2702.1,3235.1,3895.0,4531.1,4975.4,5068.6,5557.4,6500.2
Wind,Oceania,Electricity generation (GWh),185.5,356.0,527.3,854.8,1078.5,1516.6,2363.4,3581.4,4192.4,5354.4,6752.8,8096.9,9118.2,10045.3,12531.5,13895.8,14560.0,14790.9,
Wind,Amer Samoa,Electricity capacity (MW),,,,,,,,,,,,,,,,,,,
Wind,Amer Samoa,Electricity generation (GWh),,,,,,,,,,,,,,,,,,,
Wind,Australia,Electricity capacity (MW),33.0,76.0,106.0,190.0,379.0,740.0,819.0,1249.0,1441.0,1703.0,1864.0,2127.0,2561.0,3221.0,3797.0,4234.0,4327.0,4816.0,5758.0
Wind,Australia,Electricity generation (GWh),58.0,210.0,364.0,703.0,705.0,885.0,1713.0,2611.0,3093.0,3824.0,5052.0,6085.0,6970.0,7960.0,10252.0,11467.0,12199.0,12597.0,
Wind,Christmas Is,Electricity capacity (MW),,,,,,,,,,,,,,,,,,,
Wind,Christmas Is,Electricity generation (GWh),,,,,,,,,,,,,,,,,,,
Wind,Cocos Is,Electricity capacity (MW),,,,,,,,,,,,,,,,,,,
Wind,Cocos Is,Electricity generation (GWh),,,,,,,,,,,,,,,,,,,
Wind,Cook Is,Electricity capacity (MW),0.0,0.0,0.0,0.0,0.0,0.0,0.0,0.0,0.0,0.0,0.0,0.0,0.0,0.0,0.0,0.0,0.0,0.0,0.0
Wind,Cook Is,Electricity generation (GWh),0.0,0.0,0.0,0.0,0.0,0.0,0.0,0.0,0.0,0.0,0.0,0.0,0.0,0.0,0.0,0.0,0.0,0.0,
Wind,Fiji,Electricity capacity (MW),0.1,0.1,0.1,0.1,0.0,0.0,0.0,10.2,10.2,10.2,10.2,10.2,10.2,10.2,10.2,10.2,10.2,10.2,10.2
Wind,Fiji,Electricity generation (GWh),0.1,0.1,0.1,0.1,0.0,0.0,0.0,3.4,4.6,7.2,6.4,5.0,6.8,5.3,4.3,5.7,3.6,2.1,
Wind,Fr Polynesia,Electricity capacity (MW),0.1,0.1,0.1,0.1,0.1,0.1,0.1,0.2,0.4,0.4,0.2,0.2,0.2,0.2,0.2,0.2,0.2,0.2,0.2
Wind,Fr Polynesia,Electricity generation (GWh),0.1,0.1,0.1,0.1,0.1,0.1,0.1,0.1,0.3,0.3,0.3,0.1,0.1,0.1,0.1,0.1,0.1,0.1,
Wind,Guam,Electricity capacity (MW),0.0,0.0,0.0,0.0,0.0,0.0,0.0,0.0,0.0,0.0,0.0,0.0,0.0,0.0,0.0,0.0,0.3,0.3,0.3
Wind,Guam,Electricity generation (GWh),0.0,0.0,0.0,0.0,0.0,0.0,0.0,0.0,0.0,0.0,0.0,0.0,0.0,0.0,0.0,0.0,0.4,0.5,
Wind,Kiribati,Electricity capacity (MW),,,,,,,,,,,,,,,,,,,
Wind,Kiribati,Electricity generation (GWh),,,,,,,,,,,,,,,,,,,
Wind,Marshall Is,Electricity capacity (MW),0.0,0.0,0.0,0.0,0.0,0.0,0.0,0.0,0.0,0.0,0.0,0.0,0.0,0.0,0.0,0.0,0.0,0.0,0.0
Wind,Marshall Is,Electricity generation (GWh),0.0,0.0,0.0,0.0,0.0,0.0,0.0,0.0,0.0,0.0,0.0,0.0,0.0,0.0,0.0,0.0,0.0,0.0,
Wind,Micronesia,Electricity capacity (MW),0.0,0.0,0.0,0.0,0.0,0.0,0.0,0.0,0.0,0.0,0.0,0.0,0.0,0.0,0.0,0.0,0.0,0.0,0.8
Wind,Micronesia,Electricity generation (GWh),0.0,0.0,0.0,0.0,0.0,0.0,0.0,0.0,0.0,0.0,0.0,0.0,0.0,0.0,0.0,0.0,0.0,0.0,
Wind,Nauru,Electricity capacity (MW),,,,,,,,,,,,,,,,,,,
Wind,Nauru,Electricity generation (GWh),,,,,,,,,,,,,,,,,,,
Wind,New Caledon,Electricity capacity (MW),3.8,4.4,6.6,11.2,22.7,22.7,28.2,32.4,32.4,37.3,37.3,37.6,37.6,37.6,37.6,37.6,37.6,37.6,37.6
Wind,New Caledon,Electricity generation (GWh),7.3,6.8,8.2,4.7,11.4,17.5,28.3,36.9,35.8,41.6,51.7,45.6,57.1,52.3,57.2,61.6,45.1,45.1,
Wind,New Zealand,Electricity capacity (MW),36.0,36.0,54.0,72.0,166.0,168.0,169.0,320.0,322.0,496.0,524.0,524.0,623.0,623.0,682.0,689.0,689.0,689.0,689.0
Wind,New Zealand,Electricity generation (GWh),120.0,139.0,155.0,147.0,362.0,614.0,622.0,930.0,1058.0,1476.0,1637.0,1957.0,2079.0,2022.0,2211.0,2353.0,2306.0,2141.0,
Wind,Niue,Electricity capacity (MW),,,,,,,,,,,,,,,,,,,
Wind,Niue,Electricity generation (GWh),,,,,,,,,,,,,,,,,,,
Wind,Norfolk Is,Electricity capacity (MW),,,,,,,,,,,,,,,,,,,
Wind,Norfolk Is,Electricity generation (GWh),,,,,,,,,,,,,,,,,,,
Wind,Nth Mariana Is,Electricity capacity (MW),,,,,,,,,,,,,,,,,,,
Wind,Nth Mariana Is,Electricity generation (GWh),,,,,,,,,,,,,,,,,,,
Wind,Palau,Electricity capacity (MW),,,,,,,,,,,,,,,,,,,
Wind,Palau,Electricity generation (GWh),,,,,,,,,,,,,,,,,,,
Wind,Papua N Guin,Electricity capacity (MW),,,,,,,,,,,,,,,,,,,
Wind,Papua N Guin,Electricity generation (GWh),,,,,,,,,,,,,,,,,,,
Wind,Pitcairn,Electricity capacity (MW),,,,,,,,,,,,,,,,,,,
Wind,Pitcairn,Electricity generation (GWh),,,,,,,,,,,,,,,,,,,
Wind,Samoa,Electricity capacity (MW),0.0,0.0,0.0,0.0,0.0,0.0,0.0,0.0,0.0,0.0,0.0,0.0,0.0,0.0,0.6,0.6,0.6,0.6,0.6
Wind,Samoa,Electricity generation (GWh),0.0,0.0,0.0,0.0,0.0,0.0,0.0,0.0,0.0,0.0,0.0,0.0,0.0,0.0,0.1,0.2,0.3,0.3,
Wind,Solomon Is,Electricity capacity (MW),,,,,,,,,,,,,,,,,,,
Wind,Solomon Is,Electricity generation (GWh),,,,,,,,,,,,,,,,,,,
Wind,Tokelau,Electricity capacity (MW),,,,,,,,,,,,,,,,,,,
Wind,Tokelau,Electricity generation (GWh),,,,,,,,,,,,,,,,,,,
Wind,Tonga,Electricity capacity (MW),0.0,0.0,0.0,0.0,0.0,0.0,0.0,0.0,0.0,0.0,0.0,0.0,0.0,0.0,0.0,0.2,0.2,0.2,0.2
Wind,Tonga,Electricity generation (GWh),0.0,0.0,0.0,0.0,0.0,0.0,0.0,0.0,0.0,0.0,0.0,0.0,0.0,0.0,0.0,0.0,0.0,0.0,
Wind,Tuvalu,Electricity capacity (MW),,,,,,,,,,,,,,,,,,,
Wind,Tuvalu,Electricity generation (GWh),,,,,,,,,,,,,,,,,,,
Wind,Vanuatu,Electricity capacity (MW),0.0,0.0,0.0,0.0,0.0,0.0,0.0,0.0,3.0,3.0,3.0,3.0,3.0,3.0,3.6,3.6,3.6,3.3,3.3
Wind,Vanuatu,Electricity generation (GWh),0.0,0.0,0.0,0.0,0.0,0.0,0.0,0.0,0.6,5.3,5.4,4.3,5.2,5.5,6.8,8.3,5.4,4.8,
Wind,Wallis Fut Is,Electricity capacity (MW),,,,,,,,,,,,,,,,,,,
Wind,Wallis Fut Is,Electricity generation (GWh),,,,,,,,,,,,,,,,,,,
Wind,S America,Electricity capacity (MW),37.1,51.8,50.8,52.7,74.8,69.8,285.8,317.2,482.9,845.9,1182.0,1737.1,2339.5,2842.9,6558.2,9950.8,12949.4,15731.5,18682.7
Wind,S America,Electricity generation (GWh),31.9,93.7,143.8,148.3,193.8,227.7,379.0,790.6,1333.5,1463.7,2653.4,3232.0,6059.3,7948.7,15515.3,27282.8,40817.8,52721.3,
Wind,Argentina,Electricity capacity (MW),14.1,24.8,25.8,25.7,27.8,27.8,27.8,27.8,27.8,27.8,27.8,59.6,137.0,190.0,215.2,215.2,215.3,257.2,750.1
Wind,Argentina,Electricity generation (GWh),28.9,49.4,73.4,78.0,72.4,75.4,69.6,61.6,42.0,36.8,25.4,26.2,369.2,461.3,619.1,598.7,554.1,1616.2,
Wind,Bolivia,Electricity capacity (MW),0.0,0.0,0.0,0.0,0.0,0.0,0.0,0.0,0.0,0.0,0.1,0.1,0.1,0.1,3.2,3.2,27.0,27.0,27.0
Wind,Bolivia,Electricity generation (GWh),0.0,0.0,0.0,0.0,0.0,0.0,0.0,0.0,0.0,0.0,0.0,0.0,0.0,0.0,8.2,11.5,34.9,60.4,
Wind,Brazil,Electricity capacity (MW),22.0,24.0,22.0,24.0,24.0,29.0,237.0,247.0,398.0,602.0,927.0,1426.0,1894.0,2202.0,4888.0,7633.0,10124.0,12294.0,14401.0
Wind,Brazil,Electricity generation (GWh),1.2,35.2,61.2,61.2,61.2,93.1,237.2,663.0,1183.2,1238.2,2177.2,2704.7,5050.2,6578.6,12210.3,21625.9,33489.1,42391.3,
Wind,Chile,Electricity capacity (MW),0.0,2.0,2.0,2.0,2.0,2.0,2.0,20.0,20.0,163.0,163.0,184.0,202.0,301.0,736.0,910.0,1039.0,1305.0,1524.0
Wind,Chile,Electricity generation (GWh),0.0,7.0,7.0,7.0,7.0,7.0,7.0,9.0,38.0,79.0,332.0,338.0,409.0,554.0,1443.0,2115.0,2449.0,3624.0,
Wind,Colombia,Electricity capacity (MW),0.0,0.0,0.0,0.0,20.0,10.0,18.0,18.0,18.0,18.0,18.0,18.4,18.4,18.4,18.4,18.4,18.4,18.4,18.4
Wind,Colombia,Electricity generation (GWh),0.0,0.0,0.0,0.0,51.0,50.0,63.0,50.0,54.0,58.0,39.0,41.0,55.0,58.0,70.0,68.0,51.0,3.0,
Wind,Ecuador,Electricity capacity (MW),0.0,0.0,0.0,0.0,0.0,0.0,0.0,2.4,2.4,2.4,2.4,2.4,2.4,18.9,21.2,21.2,21.2,21.2,21.2
Wind,Ecuador,Electricity generation (GWh),0.0,0.0,0.0,0.0,0.0,0.0,0.0,1.0,2.7,3.2,3.4,3.3,2.4,56.7,79.7,98.8,84.0,79.6,
Wind,Falklands Malv,Electricity capacity (MW),0.3,0.3,0.3,0.3,0.3,0.3,0.3,1.3,1.3,1.3,2.3,2.3,2.3,2.3,2.3,3.3,3.3,3.3,3.3
Wind,Falklands Malv,Electricity generation (GWh),1.0,1.0,1.0,1.0,1.0,1.0,1.0,4.9,5.2,5.2,5.3,6.2,6.7,6.6,6.6,9.2,9.2,9.2,
Wind,Fr Guiana,Electricity capacity (MW),,,,,,,,,,,,,,,,,,,
Wind,Fr Guiana,Electricity generation (GWh),,,,,,,,,,,,,,,,,,,
Wind,Guyana,Electricity capacity (MW),0.0,0.0,0.0,0.0,0.0,0.0,0.0,0.0,0.0,0.0,0.0,0.0,0.0,0.0,0.0,0.0,0.0,0.0,0.0
Wind,Guyana,Electricity generation (GWh),0.0,0.0,0.0,0.0,0.0,0.0,0.0,0.0,0.0,0.0,0.0,0.0,0.0,0.0,0.0,0.1,0.1,0.1,
Wind,Paraguay,Electricity capacity (MW),,,,,,,,,,,,,,,,,,,
Wind,Paraguay,Electricity generation (GWh),,,,,,,,,,,,,,,,,,,
Wind,Peru,Electricity capacity (MW),0.7,0.7,0.7,0.7,0.7,0.7,0.7,0.7,0.7,0.7,0.7,0.7,0.7,0.7,142.7,239.7,239.7,239.7,372.0
Wind,Peru,Electricity generation (GWh),0.8,1.2,1.2,1.2,1.2,1.2,1.2,1.2,1.2,1.2,1.2,1.2,1.2,1.2,257.5,602.3,1063.8,1074.7,
Wind,Suriname,Electricity capacity (MW),,,,,,,,,,,,,,,,,,,
Wind,Suriname,Electricity generation (GWh),,,,,,,,,,,,,,,,,,,
Wind,Uruguay,Electricity capacity (MW),0.0,0.0,0.0,0.0,0.0,0.0,0.0,0.0,14.6,30.6,40.6,43.6,52.6,59.4,481.3,856.8,1211.5,1515.7,1515.7
Wind,Uruguay,Electricity generation (GWh),0.0,0.0,0.0,0.0,0.0,0.0,0.0,0.0,7.3,42.1,69.9,111.3,112.5,144.1,732.7,2065.1,2994.3,3774.5,
Wind,Venezuela,Electricity capacity (MW),0.0,0.0,0.0,0.0,0.0,0.0,0.0,0.0,0.0,0.0,0.0,0.0,30.0,50.0,50.0,50.0,50.0,50.0,50.0
Wind,Venezuela,Electricity generation (GWh),0.0,0.0,0.0,0.0,0.0,0.0,0.0,0.0,0.0,0.0,0.0,0.0,53.0,88.3,88.3,88.3,88.3,88.3,
